timestamp_ms,uuid,major,minor,rssi,adv_tx_power
0,E2C56DB5-DFFB-48D2-B060-D0F5A71096E0,1,1,-67,-59
0,E2C56DB5-DFFB-48D2-B060-D0F5A71096E0,1,2,-86,-59
0,E2C56DB5-DFFB-48D2-B060-D0F5A71096E0,1,3,-93,-59
400,E2C56DB5-DFFB-48D2-B060-D0F5A71096E0,1,1,-62,-59
400,E2C56DB5-DFFB-48D2-B060-D0F5A71096E0,1,2,-86,-59
400,E2C56DB5-DFFB-48D2-B060-D0F5A71096E0,1,3,-95,-59
800,E2C56DB5-DFFB-48D2-B060-D0F5A71096E0,1,1,-59,-59
800,E2C56DB5-DFFB-48D2-B060-D0F5A71096E0,1,2,-85,-59
800,E2C56DB5-DFFB-48D2-B060-D0F5A71096E0,1,3,-92,-59
1200,E2C56DB5-DFFB-48D2-B060-D0F5A71096E0,1,1,-52,-59
1200,E2C56DB5-DFFB-48D2-B060-D0F5A71096E0,1,2,-84,-59
1200,E2C56DB5-DFFB-48D2-B060-D0F5A71096E0,1,3,-90,-59
1600,E2C56DB5-DFFB-48D2-B060-D0F5A71096E0,1,1,-50,-59
1600,E2C56DB5-DFFB-48D2-B060-D0F5A71096E0,1,2,-84,-59
1600,E2C56DB5-DFFB-48D2-B060-D0F5A71096E0,1,3,-93,-59
2000,E2C56DB5-DFFB-48D2-B060-D0F5A71096E0,1,1,-53,-59
2000,E2C56DB5-DFFB-48D2-B060-D0F5A71096E0,1,2,-83,-59
2000,E2C56DB5-DFFB-48D2-B060-D0F5A71096E0,1,3,-89,-59
2400,E2C56DB5-DFFB-48D2-B060-D0F5A71096E0,1,1,-59,-59
2400,E2C56DB5-DFFB-48D2-B060-D0F5A71096E0,1,2,-83,-59
2400,E2C56DB5-DFFB-48D2-B060-D0F5A71096E0,1,3,-90,-59
2800,E2C56DB5-DFFB-48D2-B060-D0F5A71096E0,1,1,-65,-59
2800,E2C56DB5-DFFB-48D2-B060-D0F5A71096E0,1,2,-83,-59
2800,E2C56DB5-DFFB-48D2-B060-D0F5A71096E0,1,3,-90,-59
3200,E2C56DB5-DFFB-48D2-B060-D0F5A71096E0,1,1,-65,-59
3200,E2C56DB5-DFFB-48D2-B060-D0F5A71096E0,1,2,-82,-59
3200,E2C56DB5-DFFB-48D2-B060-D0F5A71096E0,1,3,-90,-59
3600,E2C56DB5-DFFB-48D2-B060-D0F5A71096E0,1,1,-68,-59
3600,E2C56DB5-DFFB-48D2-B060-D0F5A71096E0,1,2,-80,-59
3600,E2C56DB5-DFFB-48D2-B060-D0F5A71096E0,1,3,-92,-59
4000,E2C56DB5-DFFB-48D2-B060-D0F5A71096E0,1,1,-70,-59
4000,E2C56DB5-DFFB-48D2-B060-D0F5A71096E0,1,2,-82,-59
4000,E2C56DB5-DFFB-48D2-B060-D0F5A71096E0,1,3,-94,-59
4400,E2C56DB5-DFFB-48D2-B060-D0F5A71096E0,1,1,-73,-59
4400,E2C56DB5-DFFB-48D2-B060-D0F5A71096E0,1,2,-81,-59
4400,E2C56DB5-DFFB-48D2-B060-D0F5A71096E0,1,3,-88,-59
4800,E2C56DB5-DFFB-48D2-B060-D0F5A71096E0,1,1,-73,-59
4800,E2C56DB5-DFFB-48D2-B060-D0F5A71096E0,1,2,-80,-59
4800,E2C56DB5-DFFB-48D2-B060-D0F5A71096E0,1,3,-88,-59
5200,E2C56DB5-DFFB-48D2-B060-D0F5A71096E0,1,1,-77,-59
5200,E2C56DB5-DFFB-48D2-B060-D0F5A71096E0,1,2,-78,-59
5200,E2C56DB5-DFFB-48D2-B060-D0F5A71096E0,1,3,-89,-59
5600,E2C56DB5-DFFB-48D2-B060-D0F5A71096E0,1,1,-76,-59
5600,E2C56DB5-DFFB-48D2-B060-D0F5A71096E0,1,2,-75,-59
5600,E2C56DB5-DFFB-48D2-B060-D0F5A71096E0,1,3,-88,-59
6000,E2C56DB5-DFFB-48D2-B060-D0F5A71096E0,1,1,-77,-59
6000,E2C56DB5-DFFB-48D2-B060-D0F5A71096E0,1,2,-75,-59
6000,E2C56DB5-DFFB-48D2-B060-D0F5A71096E0,1,3,-87,-59
6400,E2C56DB5-DFFB-48D2-B060-D0F5A71096E0,1,1,-79,-59
6400,E2C56DB5-DFFB-48D2-B060-D0F5A71096E0,1,2,-75,-59
6400,E2C56DB5-DFFB-48D2-B060-D0F5A71096E0,1,3,-88,-59
6800,E2C56DB5-DFFB-48D2-B060-D0F5A71096E0,1,1,-78,-59
6800,E2C56DB5-DFFB-48D2-B060-D0F5A71096E0,1,2,-73,-59
6800,E2C56DB5-DFFB-48D2-B060-D0F5A71096E0,1,3,-84,-59
7200,E2C56DB5-DFFB-48D2-B060-D0F5A71096E0,1,1,-81,-59
7200,E2C56DB5-DFFB-48D2-B060-D0F5A71096E0,1,2,-73,-59
7200,E2C56DB5-DFFB-48D2-B060-D0F5A71096E0,1,3,-86,-59
7600,E2C56DB5-DFFB-48D2-B060-D0F5A71096E0,1,1,-79,-59
7600,E2C56DB5-DFFB-48D2-B060-D0F5A71096E0,1,2,-69,-59
7600,E2C56DB5-DFFB-48D2-B060-D0F5A71096E0,1,3,-85,-59
8000,E2C56DB5-DFFB-48D2-B060-D0F5A71096E0,1,1,-79,-59
8000,E2C56DB5-DFFB-48D2-B060-D0F5A71096E0,1,2,-67,-59
8000,E2C56DB5-DFFB-48D2-B060-D0F5A71096E0,1,3,-88,-59
8400,E2C56DB5-DFFB-48D2-B060-D0F5A71096E0,1,1,-83,-59
8400,E2C56DB5-DFFB-48D2-B060-D0F5A71096E0,1,2,-63,-59
8400,E2C56DB5-DFFB-48D2-B060-D0F5A71096E0,1,3,-88,-59
8400,E2C56DB5-DFFB-48D2-B060-D0F5A71096E0,1,4,-92,-59
8800,E2C56DB5-DFFB-48D2-B060-D0F5A71096E0,1,1,-82,-59
8800,E2C56DB5-DFFB-48D2-B060-D0F5A71096E0,1,2,-61,-59
8800,E2C56DB5-DFFB-48D2-B060-D0F5A71096E0,1,3,-84,-59
8800,E2C56DB5-DFFB-48D2-B060-D0F5A71096E0,1,4,-91,-59
9200,E2C56DB5-DFFB-48D2-B060-D0F5A71096E0,1,1,-80,-59
9200,E2C56DB5-DFFB-48D2-B060-D0F5A71096E0,1,2,-53,-59
9200,E2C56DB5-DFFB-48D2-B060-D0F5A71096E0,1,3,-86,-59
9200,E2C56DB5-DFFB-48D2-B060-D0F5A71096E0,1,4,-93,-59
9600,E2C56DB5-DFFB-48D2-B060-D0F5A71096E0,1,1,-85,-59
9600,E2C56DB5-DFFB-48D2-B060-D0F5A71096E0,1,2,-50,-59
9600,E2C56DB5-DFFB-48D2-B060-D0F5A71096E0,1,3,-85,-59
9600,E2C56DB5-DFFB-48D2-B060-D0F5A71096E0,1,4,-92,-59
10000,E2C56DB5-DFFB-48D2-B060-D0F5A71096E0,1,1,-83,-59
10000,E2C56DB5-DFFB-48D2-B060-D0F5A71096E0,1,2,-53,-59
10000,E2C56DB5-DFFB-48D2-B060-D0F5A71096E0,1,3,-84,-59
10000,E2C56DB5-DFFB-48D2-B060-D0F5A71096E0,1,4,-94,-59
10400,E2C56DB5-DFFB-48D2-B060-D0F5A71096E0,1,1,-87,-59
10400,E2C56DB5-DFFB-48D2-B060-D0F5A71096E0,1,2,-58,-59
10400,E2C56DB5-DFFB-48D2-B060-D0F5A71096E0,1,3,-82,-59
10400,E2C56DB5-DFFB-48D2-B060-D0F5A71096E0,1,4,-89,-59
10800,E2C56DB5-DFFB-48D2-B060-D0F5A71096E0,1,1,-85,-59
10800,E2C56DB5-DFFB-48D2-B060-D0F5A71096E0,1,2,-62,-59
10800,E2C56DB5-DFFB-48D2-B060-D0F5A71096E0,1,3,-82,-59
10800,E2C56DB5-DFFB-48D2-B060-D0F5A71096E0,1,4,-89,-59
11200,E2C56DB5-DFFB-48D2-B060-D0F5A71096E0,1,1,-84,-59
11200,E2C56DB5-DFFB-48D2-B060-D0F5A71096E0,1,2,-65,-59
11200,E2C56DB5-DFFB-48D2-B060-D0F5A71096E0,1,3,-83,-59
11200,E2C56DB5-DFFB-48D2-B060-D0F5A71096E0,1,4,-89,-59
11600,E2C56DB5-DFFB-48D2-B060-D0F5A71096E0,1,1,-86,-59
11600,E2C56DB5-DFFB-48D2-B060-D0F5A71096E0,1,2,-66,-59
11600,E2C56DB5-DFFB-48D2-B060-D0F5A71096E0,1,3,-81,-59
11600,E2C56DB5-DFFB-48D2-B060-D0F5A71096E0,1,4,-87,-59
12000,E2C56DB5-DFFB-48D2-B060-D0F5A71096E0,1,1,-87,-59
12000,E2C56DB5-DFFB-48D2-B060-D0F5A71096E0,1,2,-68,-59
12000,E2C56DB5-DFFB-48D2-B060-D0F5A71096E0,1,3,-80,-59
12000,E2C56DB5-DFFB-48D2-B060-D0F5A71096E0,1,4,-91,-59
12400,E2C56DB5-DFFB-48D2-B060-D0F5A71096E0,1,1,-89,-59
12400,E2C56DB5-DFFB-48D2-B060-D0F5A71096E0,1,2,-72,-59
12400,E2C56DB5-DFFB-48D2-B060-D0F5A71096E0,1,3,-77,-59
12400,E2C56DB5-DFFB-48D2-B060-D0F5A71096E0,1,4,-88,-59
12800,E2C56DB5-DFFB-48D2-B060-D0F5A71096E0,1,1,-86,-59
12800,E2C56DB5-DFFB-48D2-B060-D0F5A71096E0,1,2,-77,-59
12800,E2C56DB5-DFFB-48D2-B060-D0F5A71096E0,1,3,-78,-59
12800,E2C56DB5-DFFB-48D2-B060-D0F5A71096E0,1,4,-88,-59
13200,E2C56DB5-DFFB-48D2-B060-D0F5A71096E0,1,1,-89,-59
13200,E2C56DB5-DFFB-48D2-B060-D0F5A71096E0,1,2,-76,-59
13200,E2C56DB5-DFFB-48D2-B060-D0F5A71096E0,1,3,-78,-59
13200,E2C56DB5-DFFB-48D2-B060-D0F5A71096E0,1,4,-86,-59
13600,E2C56DB5-DFFB-48D2-B060-D0F5A71096E0,1,1,-90,-59
13600,E2C56DB5-DFFB-48D2-B060-D0F5A71096E0,1,2,-77,-59
13600,E2C56DB5-DFFB-48D2-B060-D0F5A71096E0,1,3,-75,-59
13600,E2C56DB5-DFFB-48D2-B060-D0F5A71096E0,1,4,-89,-59
14000,E2C56DB5-DFFB-48D2-B060-D0F5A71096E0,1,1,-89,-59
14000,E2C56DB5-DFFB-48D2-B060-D0F5A71096E0,1,2,-77,-59
14000,E2C56DB5-DFFB-48D2-B060-D0F5A71096E0,1,3,-78,-59
14000,E2C56DB5-DFFB-48D2-B060-D0F5A71096E0,1,4,-88,-59
14400,E2C56DB5-DFFB-48D2-B060-D0F5A71096E0,1,1,-91,-59
14400,E2C56DB5-DFFB-48D2-B060-D0F5A71096E0,1,2,-77,-59
14400,E2C56DB5-DFFB-48D2-B060-D0F5A71096E0,1,3,-75,-59
14400,E2C56DB5-DFFB-48D2-B060-D0F5A71096E0,1,4,-84,-59
14800,E2C56DB5-DFFB-48D2-B060-D0F5A71096E0,1,1,-89,-59
14800,E2C56DB5-DFFB-48D2-B060-D0F5A71096E0,1,2,-77,-59
14800,E2C56DB5-DFFB-48D2-B060-D0F5A71096E0,1,3,-75,-59
14800,E2C56DB5-DFFB-48D2-B060-D0F5A71096E0,1,4,-88,-59
15200,E2C56DB5-DFFB-48D2-B060-D0F5A71096E0,1,1,-89,-59
15200,E2C56DB5-DFFB-48D2-B060-D0F5A71096E0,1,2,-77,-59
15200,E2C56DB5-DFFB-48D2-B060-D0F5A71096E0,1,3,-74,-59
15200,E2C56DB5-DFFB-48D2-B060-D0F5A71096E0,1,4,-86,-59
15600,E2C56DB5-DFFB-48D2-B060-D0F5A71096E0,1,1,-89,-59
15600,E2C56DB5-DFFB-48D2-B060-D0F5A71096E0,1,2,-78,-59
15600,E2C56DB5-DFFB-48D2-B060-D0F5A71096E0,1,3,-69,-59
15600,E2C56DB5-DFFB-48D2-B060-D0F5A71096E0,1,4,-87,-59
16000,E2C56DB5-DFFB-48D2-B060-D0F5A71096E0,1,1,-91,-59
16000,E2C56DB5-DFFB-48D2-B060-D0F5A71096E0,1,2,-83,-59
16000,E2C56DB5-DFFB-48D2-B060-D0F5A71096E0,1,3,-67,-59
16000,E2C56DB5-DFFB-48D2-B060-D0F5A71096E0,1,4,-86,-59
16400,E2C56DB5-DFFB-48D2-B060-D0F5A71096E0,1,1,-88,-59
16400,E2C56DB5-DFFB-48D2-B060-D0F5A71096E0,1,2,-83,-59
16400,E2C56DB5-DFFB-48D2-B060-D0F5A71096E0,1,3,-64,-59
16400,E2C56DB5-DFFB-48D2-B060-D0F5A71096E0,1,4,-88,-59
16400,E2C56DB5-DFFB-48D2-B060-D0F5A71096E0,1,5,-93,-59
16800,E2C56DB5-DFFB-48D2-B060-D0F5A71096E0,1,1,-90,-59
16800,E2C56DB5-DFFB-48D2-B060-D0F5A71096E0,1,2,-81,-59
16800,E2C56DB5-DFFB-48D2-B060-D0F5A71096E0,1,3,-59,-59
16800,E2C56DB5-DFFB-48D2-B060-D0F5A71096E0,1,4,-85,-59
16800,E2C56DB5-DFFB-48D2-B060-D0F5A71096E0,1,5,-94,-59
17200,E2C56DB5-DFFB-48D2-B060-D0F5A71096E0,1,1,-90,-59
17200,E2C56DB5-DFFB-48D2-B060-D0F5A71096E0,1,2,-82,-59
17200,E2C56DB5-DFFB-48D2-B060-D0F5A71096E0,1,3,-55,-59
17200,E2C56DB5-DFFB-48D2-B060-D0F5A71096E0,1,4,-86,-59
17200,E2C56DB5-DFFB-48D2-B060-D0F5A71096E0,1,5,-90,-59
17600,E2C56DB5-DFFB-48D2-B060-D0F5A71096E0,1,1,-91,-59
17600,E2C56DB5-DFFB-48D2-B060-D0F5A71096E0,1,2,-83,-59
17600,E2C56DB5-DFFB-48D2-B060-D0F5A71096E0,1,3,-50,-59
17600,E2C56DB5-DFFB-48D2-B060-D0F5A71096E0,1,4,-83,-59
17600,E2C56DB5-DFFB-48D2-B060-D0F5A71096E0,1,5,-91,-59
18000,E2C56DB5-DFFB-48D2-B060-D0F5A71096E0,1,1,-88,-59
18000,E2C56DB5-DFFB-48D2-B060-D0F5A71096E0,1,2,-84,-59
18000,E2C56DB5-DFFB-48D2-B060-D0F5A71096E0,1,3,-52,-59
18000,E2C56DB5-DFFB-48D2-B060-D0F5A71096E0,1,4,-84,-59
18000,E2C56DB5-DFFB-48D2-B060-D0F5A71096E0,1,5,-89,-59
18400,E2C56DB5-DFFB-48D2-B060-D0F5A71096E0,1,1,-92,-59
18400,E2C56DB5-DFFB-48D2-B060-D0F5A71096E0,1,2,-84,-59
18400,E2C56DB5-DFFB-48D2-B060-D0F5A71096E0,1,3,-54,-59
18400,E2C56DB5-DFFB-48D2-B060-D0F5A71096E0,1,4,-84,-59
18400,E2C56DB5-DFFB-48D2-B060-D0F5A71096E0,1,5,-94,-59
18800,E2C56DB5-DFFB-48D2-B060-D0F5A71096E0,1,1,-92,-59
18800,E2C56DB5-DFFB-48D2-B060-D0F5A71096E0,1,2,-85,-59
18800,E2C56DB5-DFFB-48D2-B060-D0F5A71096E0,1,3,-62,-59
18800,E2C56DB5-DFFB-48D2-B060-D0F5A71096E0,1,4,-81,-59
18800,E2C56DB5-DFFB-48D2-B060-D0F5A71096E0,1,5,-90,-59
19200,E2C56DB5-DFFB-48D2-B060-D0F5A71096E0,1,1,-94,-59
19200,E2C56DB5-DFFB-48D2-B060-D0F5A71096E0,1,2,-85,-59
19200,E2C56DB5-DFFB-48D2-B060-D0F5A71096E0,1,3,-65,-59
19200,E2C56DB5-DFFB-48D2-B060-D0F5A71096E0,1,4,-84,-59
19200,E2C56DB5-DFFB-48D2-B060-D0F5A71096E0,1,5,-90,-59
19600,E2C56DB5-DFFB-48D2-B060-D0F5A71096E0,1,2,-86,-59
19600,E2C56DB5-DFFB-48D2-B060-D0F5A71096E0,1,3,-69,-59
19600,E2C56DB5-DFFB-48D2-B060-D0F5A71096E0,1,4,-80,-59
19600,E2C56DB5-DFFB-48D2-B060-D0F5A71096E0,1,5,-90,-59
20000,E2C56DB5-DFFB-48D2-B060-D0F5A71096E0,1,2,-87,-59
20000,E2C56DB5-DFFB-48D2-B060-D0F5A71096E0,1,3,-69,-59
20000,E2C56DB5-DFFB-48D2-B060-D0F5A71096E0,1,4,-79,-59
20000,E2C56DB5-DFFB-48D2-B060-D0F5A71096E0,1,5,-91,-59
20400,E2C56DB5-DFFB-48D2-B060-D0F5A71096E0,1,2,-86,-59
20400,E2C56DB5-DFFB-48D2-B060-D0F5A71096E0,1,3,-72,-59
20400,E2C56DB5-DFFB-48D2-B060-D0F5A71096E0,1,4,-76,-59
20400,E2C56DB5-DFFB-48D2-B060-D0F5A71096E0,1,5,-92,-59
20800,E2C56DB5-DFFB-48D2-B060-D0F5A71096E0,1,2,-86,-59
20800,E2C56DB5-DFFB-48D2-B060-D0F5A71096E0,1,3,-74,-59
20800,E2C56DB5-DFFB-48D2-B060-D0F5A71096E0,1,4,-79,-59
20800,E2C56DB5-DFFB-48D2-B060-D0F5A71096E0,1,5,-86,-59
21200,E2C56DB5-DFFB-48D2-B060-D0F5A71096E0,1,2,-88,-59
21200,E2C56DB5-DFFB-48D2-B060-D0F5A71096E0,1,3,-71,-59
21200,E2C56DB5-DFFB-48D2-B060-D0F5A71096E0,1,4,-79,-59
21200,E2C56DB5-DFFB-48D2-B060-D0F5A71096E0,1,5,-88,-59
21600,E2C56DB5-DFFB-48D2-B060-D0F5A71096E0,1,2,-89,-59
21600,E2C56DB5-DFFB-48D2-B060-D0F5A71096E0,1,3,-77,-59
21600,E2C56DB5-DFFB-48D2-B060-D0F5A71096E0,1,4,-77,-59
21600,E2C56DB5-DFFB-48D2-B060-D0F5A71096E0,1,5,-89,-59
22000,E2C56DB5-DFFB-48D2-B060-D0F5A71096E0,1,2,-88,-59
22000,E2C56DB5-DFFB-48D2-B060-D0F5A71096E0,1,3,-80,-59
22000,E2C56DB5-DFFB-48D2-B060-D0F5A71096E0,1,4,-73,-59
22000,E2C56DB5-DFFB-48D2-B060-D0F5A71096E0,1,5,-89,-59
22400,E2C56DB5-DFFB-48D2-B060-D0F5A71096E0,1,2,-86,-59
22400,E2C56DB5-DFFB-48D2-B060-D0F5A71096E0,1,3,-79,-59
22400,E2C56DB5-DFFB-48D2-B060-D0F5A71096E0,1,4,-74,-59
22400,E2C56DB5-DFFB-48D2-B060-D0F5A71096E0,1,5,-83,-59
22800,E2C56DB5-DFFB-48D2-B060-D0F5A71096E0,1,2,-91,-59
22800,E2C56DB5-DFFB-48D2-B060-D0F5A71096E0,1,3,-81,-59
22800,E2C56DB5-DFFB-48D2-B060-D0F5A71096E0,1,4,-74,-59
22800,E2C56DB5-DFFB-48D2-B060-D0F5A71096E0,1,5,-87,-59
23200,E2C56DB5-DFFB-48D2-B060-D0F5A71096E0,1,2,-89,-59
23200,E2C56DB5-DFFB-48D2-B060-D0F5A71096E0,1,3,-78,-59
23200,E2C56DB5-DFFB-48D2-B060-D0F5A71096E0,1,4,-72,-59
23200,E2C56DB5-DFFB-48D2-B060-D0F5A71096E0,1,5,-90,-59
23600,E2C56DB5-DFFB-48D2-B060-D0F5A71096E0,1,2,-91,-59
23600,E2C56DB5-DFFB-48D2-B060-D0F5A71096E0,1,3,-79,-59
23600,E2C56DB5-DFFB-48D2-B060-D0F5A71096E0,1,4,-70,-59
23600,E2C56DB5-DFFB-48D2-B060-D0F5A71096E0,1,5,-90,-59
24000,E2C56DB5-DFFB-48D2-B060-D0F5A71096E0,1,2,-90,-59
24000,E2C56DB5-DFFB-48D2-B060-D0F5A71096E0,1,3,-79,-59
24000,E2C56DB5-DFFB-48D2-B060-D0F5A71096E0,1,4,-65,-59
24000,E2C56DB5-DFFB-48D2-B060-D0F5A71096E0,1,5,-85,-59
24400,E2C56DB5-DFFB-48D2-B060-D0F5A71096E0,1,2,-90,-59
24400,E2C56DB5-DFFB-48D2-B060-D0F5A71096E0,1,3,-84,-59
24400,E2C56DB5-DFFB-48D2-B060-D0F5A71096E0,1,4,-67,-59
24400,E2C56DB5-DFFB-48D2-B060-D0F5A71096E0,1,5,-86,-59
24800,E2C56DB5-DFFB-48D2-B060-D0F5A71096E0,1,2,-90,-59
24800,E2C56DB5-DFFB-48D2-B060-D0F5A71096E0,1,3,-82,-59
24800,E2C56DB5-DFFB-48D2-B060-D0F5A71096E0,1,4,-63,-59
24800,E2C56DB5-DFFB-48D2-B060-D0F5A71096E0,1,5,-87,-59
25200,E2C56DB5-DFFB-48D2-B060-D0F5A71096E0,1,2,-92,-59
25200,E2C56DB5-DFFB-48D2-B060-D0F5A71096E0,1,3,-85,-59
25200,E2C56DB5-DFFB-48D2-B060-D0F5A71096E0,1,4,-56,-59
25200,E2C56DB5-DFFB-48D2-B060-D0F5A71096E0,1,5,-88,-59
25600,E2C56DB5-DFFB-48D2-B060-D0F5A71096E0,1,2,-92,-59
25600,E2C56DB5-DFFB-48D2-B060-D0F5A71096E0,1,3,-83,-59
25600,E2C56DB5-DFFB-48D2-B060-D0F5A71096E0,1,4,-49,-59
25600,E2C56DB5-DFFB-48D2-B060-D0F5A71096E0,1,5,-84,-59
26000,E2C56DB5-DFFB-48D2-B060-D0F5A71096E0,1,2,-90,-59
26000,E2C56DB5-DFFB-48D2-B060-D0F5A71096E0,1,3,-85,-59
26000,E2C56DB5-DFFB-48D2-B060-D0F5A71096E0,1,4,-53,-59
26000,E2C56DB5-DFFB-48D2-B060-D0F5A71096E0,1,5,-85,-59
26400,E2C56DB5-DFFB-48D2-B060-D0F5A71096E0,1,2,-90,-59
26400,E2C56DB5-DFFB-48D2-B060-D0F5A71096E0,1,3,-83,-59
26400,E2C56DB5-DFFB-48D2-B060-D0F5A71096E0,1,4,-53,-59
26400,E2C56DB5-DFFB-48D2-B060-D0F5A71096E0,1,5,-78,-59
26800,E2C56DB5-DFFB-48D2-B060-D0F5A71096E0,1,2,-92,-59
26800,E2C56DB5-DFFB-48D2-B060-D0F5A71096E0,1,3,-84,-59
26800,E2C56DB5-DFFB-48D2-B060-D0F5A71096E0,1,4,-60,-59
26800,E2C56DB5-DFFB-48D2-B060-D0F5A71096E0,1,5,-83,-59
27200,E2C56DB5-DFFB-48D2-B060-D0F5A71096E0,1,2,-89,-59
27200,E2C56DB5-DFFB-48D2-B060-D0F5A71096E0,1,3,-83,-59
27200,E2C56DB5-DFFB-48D2-B060-D0F5A71096E0,1,4,-66,-59
27200,E2C56DB5-DFFB-48D2-B060-D0F5A71096E0,1,5,-83,-59
27600,E2C56DB5-DFFB-48D2-B060-D0F5A71096E0,1,3,-85,-59
27600,E2C56DB5-DFFB-48D2-B060-D0F5A71096E0,1,4,-66,-59
27600,E2C56DB5-DFFB-48D2-B060-D0F5A71096E0,1,5,-83,-59
28000,E2C56DB5-DFFB-48D2-B060-D0F5A71096E0,1,3,-90,-59
28000,E2C56DB5-DFFB-48D2-B060-D0F5A71096E0,1,4,-72,-59
28000,E2C56DB5-DFFB-48D2-B060-D0F5A71096E0,1,5,-81,-59
28400,E2C56DB5-DFFB-48D2-B060-D0F5A71096E0,1,3,-87,-59
28400,E2C56DB5-DFFB-48D2-B060-D0F5A71096E0,1,4,-71,-59
28400,E2C56DB5-DFFB-48D2-B060-D0F5A71096E0,1,5,-81,-59
28800,E2C56DB5-DFFB-48D2-B060-D0F5A71096E0,1,3,-89,-59
28800,E2C56DB5-DFFB-48D2-B060-D0F5A71096E0,1,4,-76,-59
28800,E2C56DB5-DFFB-48D2-B060-D0F5A71096E0,1,5,-79,-59
29200,E2C56DB5-DFFB-48D2-B060-D0F5A71096E0,1,3,-87,-59
29200,E2C56DB5-DFFB-48D2-B060-D0F5A71096E0,1,4,-73,-59
29200,E2C56DB5-DFFB-48D2-B060-D0F5A71096E0,1,5,-77,-59
29600,E2C56DB5-DFFB-48D2-B060-D0F5A71096E0,1,3,-88,-59
29600,E2C56DB5-DFFB-48D2-B060-D0F5A71096E0,1,4,-74,-59
29600,E2C56DB5-DFFB-48D2-B060-D0F5A71096E0,1,5,-78,-59
30000,E2C56DB5-DFFB-48D2-B060-D0F5A71096E0,1,3,-89,-59
30000,E2C56DB5-DFFB-48D2-B060-D0F5A71096E0,1,4,-77,-59
30000,E2C56DB5-DFFB-48D2-B060-D0F5A71096E0,1,5,-77,-59
30400,E2C56DB5-DFFB-48D2-B060-D0F5A71096E0,1,3,-92,-59
30400,E2C56DB5-DFFB-48D2-B060-D0F5A71096E0,1,4,-77,-59
30400,E2C56DB5-DFFB-48D2-B060-D0F5A71096E0,1,5,-75,-59
30800,E2C56DB5-DFFB-48D2-B060-D0F5A71096E0,1,3,-90,-59
30800,E2C56DB5-DFFB-48D2-B060-D0F5A71096E0,1,4,-80,-59
30800,E2C56DB5-DFFB-48D2-B060-D0F5A71096E0,1,5,-73,-59
31200,E2C56DB5-DFFB-48D2-B060-D0F5A71096E0,1,3,-87,-59
31200,E2C56DB5-DFFB-48D2-B060-D0F5A71096E0,1,4,-79,-59
31200,E2C56DB5-DFFB-48D2-B060-D0F5A71096E0,1,5,-73,-59
31600,E2C56DB5-DFFB-48D2-B060-D0F5A71096E0,1,3,-91,-59
31600,E2C56DB5-DFFB-48D2-B060-D0F5A71096E0,1,4,-80,-59
31600,E2C56DB5-DFFB-48D2-B060-D0F5A71096E0,1,5,-73,-59
32000,E2C56DB5-DFFB-48D2-B060-D0F5A71096E0,1,3,-90,-59
32000,E2C56DB5-DFFB-48D2-B060-D0F5A71096E0,1,4,-81,-59
32000,E2C56DB5-DFFB-48D2-B060-D0F5A71096E0,1,5,-66,-59
32400,E2C56DB5-DFFB-48D2-B060-D0F5A71096E0,1,3,-89,-59
32400,E2C56DB5-DFFB-48D2-B060-D0F5A71096E0,1,4,-80,-59
32400,E2C56DB5-DFFB-48D2-B060-D0F5A71096E0,1,5,-67,-59
32800,E2C56DB5-DFFB-48D2-B060-D0F5A71096E0,1,3,-90,-59
32800,E2C56DB5-DFFB-48D2-B060-D0F5A71096E0,1,4,-84,-59
32800,E2C56DB5-DFFB-48D2-B060-D0F5A71096E0,1,5,-63,-59
33200,E2C56DB5-DFFB-48D2-B060-D0F5A71096E0,1,3,-90,-59
33200,E2C56DB5-DFFB-48D2-B060-D0F5A71096E0,1,4,-84,-59
33200,E2C56DB5-DFFB-48D2-B060-D0F5A71096E0,1,5,-56,-59
33600,E2C56DB5-DFFB-48D2-B060-D0F5A71096E0,1,3,-90,-59
33600,E2C56DB5-DFFB-48D2-B060-D0F5A71096E0,1,4,-86,-59
33600,E2C56DB5-DFFB-48D2-B060-D0F5A71096E0,1,5,-51,-59
34000,E2C56DB5-DFFB-48D2-B060-D0F5A71096E0,1,3,-92,-59
34000,E2C56DB5-DFFB-48D2-B060-D0F5A71096E0,1,4,-84,-59
34000,E2C56DB5-DFFB-48D2-B060-D0F5A71096E0,1,5,-51,-59
34400,E2C56DB5-DFFB-48D2-B060-D0F5A71096E0,1,3,-91,-59
34400,E2C56DB5-DFFB-48D2-B060-D0F5A71096E0,1,4,-88,-59
34400,E2C56DB5-DFFB-48D2-B060-D0F5A71096E0,1,5,-54,-59
34800,E2C56DB5-DFFB-48D2-B060-D0F5A71096E0,1,3,-91,-59
34800,E2C56DB5-DFFB-48D2-B060-D0F5A71096E0,1,4,-83,-59
34800,E2C56DB5-DFFB-48D2-B060-D0F5A71096E0,1,5,-56,-59
35200,E2C56DB5-DFFB-48D2-B060-D0F5A71096E0,1,3,-90,-59
35200,E2C56DB5-DFFB-48D2-B060-D0F5A71096E0,1,4,-89,-59
35200,E2C56DB5-DFFB-48D2-B060-D0F5A71096E0,1,5,-62,-59
35600,E2C56DB5-DFFB-48D2-B060-D0F5A71096E0,1,3,-95,-59
35600,E2C56DB5-DFFB-48D2-B060-D0F5A71096E0,1,4,-84,-59
35600,E2C56DB5-DFFB-48D2-B060-D0F5A71096E0,1,5,-66,-59
